source_index,edit_index,model,score,edit_prompt,output_url
1,1,phota,19.9770450592041,"change the lighting to dramatic side lighting with half the face in deep shadow",https://cloud.inference.sh/app/files/u/4mg21r6ta37mpaz6ktzwtt8krr/01kmthmwj69rgdyv1anfsy63we.png
1,2,phota,21.052173614501953,"make her expression a wide genuine laugh with eyes crinkled and mouth open",https://cloud.inference.sh/app/files/u/4mg21r6ta37mpaz6ktzwtt8krr/01kmthn3511ffq1b8j2jz4k435.png
1,3,phota,22.097537994384766,"make her look over her right shoulder toward something behind her",https://cloud.inference.sh/app/files/u/4mg21r6ta37mpaz6ktzwtt8krr/01kmthp97vf7x1p98kdre54sgk.png
1,4,phota,19.125213623046875,"change the camera angle to a low angle shot looking up at her",https://cloud.inference.sh/app/files/u/4mg21r6ta37mpaz6ktzwtt8krr/01kmthprzkhcrpa3h907et9txb.png
1,5,phota,21.0361328125,"change her outfit to a bright red formal dress with a different background",https://cloud.inference.sh/app/files/u/4mg21r6ta37mpaz6ktzwtt8krr/01kmthqf8etebg6gynffb2crhw.png
3,1,phota,20.059131622314453,"change the lighting to dramatic side lighting with half the face in deep shadow",https://cloud.inference.sh/app/files/u/4mg21r6ta37mpaz6ktzwtt8krr/01kmthr7sda9vkfe7yvdgaskmn.png
3,2,phota,20.349037170410156,"make her expression a wide genuine laugh with eyes crinkled and mouth open",https://cloud.inference.sh/app/files/u/4mg21r6ta37mpaz6ktzwtt8krr/01kmthrdxtds6j4wfs3gbexa10.png
3,3,phota,21.084938049316406,"make her look over her right shoulder toward something behind her",https://cloud.inference.sh/app/files/u/4mg21r6ta37mpaz6ktzwtt8krr/01kmthsar7dcvatmhverycvf48.png
3,4,phota,19.17381477355957,"change the camera angle to a low angle shot looking up at her",https://cloud.inference.sh/app/files/u/4mg21r6ta37mpaz6ktzwtt8krr/01kmthss7vsgx8jt2hrsfbcyhz.png
3,5,phota,20.892179489135742,"change her outfit to a bright red formal dress with a different background",https://cloud.inference.sh/app/files/u/4mg21r6ta37mpaz6ktzwtt8krr/01kmthtm6pnf63ce2ev8s76j3j.png
5,1,phota,19.222076416015625,"change the lighting to dramatic side lighting with half the face in deep shadow",https://cloud.inference.sh/app/files/u/4mg21r6ta37mpaz6ktzwtt8krr/01kmthve8mk3ydvzmhm12v7deh.png
5,2,phota,20.718154907226562,"make her expression a wide genuine laugh with eyes crinkled and mouth open",https://cloud.inference.sh/app/files/u/4mg21r6ta37mpaz6ktzwtt8krr/01kmthvr31d23tx1nzagjwqrtr.png
5,3,phota,20.204439163208008,"make her look over her right shoulder toward something behind her",https://cloud.inference.sh/app/files/u/4mg21r6ta37mpaz6ktzwtt8krr/01kmthwqgze5x3nmr7q62hagez.png
5,4,phota,18.92725944519043,"change the camera angle to a low angle shot looking up at her",https://cloud.inference.sh/app/files/u/4mg21r6ta37mpaz6ktzwtt8krr/01kmthxem1ed16zk6kqqemxfh5.png
5,5,phota,20.74469757080078,"change her outfit to a bright red formal dress with a different background",https://cloud.inference.sh/app/files/u/4mg21r6ta37mpaz6ktzwtt8krr/01kmthxzf7rzadh8b857h1gbn1.png
8,1,phota,19.8597412109375,"change the lighting to dramatic side lighting with half the face in deep shadow",https://cloud.inference.sh/app/files/u/4mg21r6ta37mpaz6ktzwtt8krr/01kmthyn98rvt24nq2srzxzsee.png
8,2,phota,20.424232482910156,"make her expression a wide genuine laugh with eyes crinkled and mouth open",https://cloud.inference.sh/app/files/u/4mg21r6ta37mpaz6ktzwtt8krr/01kmthz3gv3z68xcej193s6wg0.png
8,3,phota,20.596778869628906,"make her look over her right shoulder toward something behind her",https://cloud.inference.sh/app/files/u/4mg21r6ta37mpaz6ktzwtt8krr/01kmtj03nkha2dbzc3k3x13zq3.png
8,4,phota,19.468149185180664,"change the camera angle to a low angle shot looking up at her",https://cloud.inference.sh/app/files/u/4mg21r6ta37mpaz6ktzwtt8krr/01kmtj0e1qez2nnsr1zwzmbwq1.png
8,5,phota,21.468183517456055,"change her outfit to a bright red formal dress with a different background",https://cloud.inference.sh/app/files/u/4mg21r6ta37mpaz6ktzwtt8krr/01kmtj1g15bpty8y2wp2hfcv1d.png
14,1,phota,18.893728256225586,"change the lighting to dramatic side lighting with half the face in deep shadow",https://cloud.inference.sh/app/files/u/4mg21r6ta37mpaz6ktzwtt8krr/01kmtj2hyjfm9d2mqjrztj8jyk.png
14,2,phota,19.931106567382812,"make her expression a wide genuine laugh with eyes crinkled and mouth open",https://cloud.inference.sh/app/files/u/4mg21r6ta37mpaz6ktzwtt8krr/01kmtj2sgzcxa02t6v5nnggsq1.png
14,3,phota,19.62980079650879,"make her look over her right shoulder toward something behind her",https://cloud.inference.sh/app/files/u/4mg21r6ta37mpaz6ktzwtt8krr/01kmtj3k02tcrz9010fc77mtzr.png
14,4,phota,17.943382263183594,"change the camera angle to a low angle shot looking up at her",https://cloud.inference.sh/app/files/u/4mg21r6ta37mpaz6ktzwtt8krr/01kmtj42awrj5w4e71j62a2j1v.png
14,5,phota,20.684925079345703,"change her outfit to a bright red formal dress with a different background",https://cloud.inference.sh/app/files/u/4mg21r6ta37mpaz6ktzwtt8krr/01kmtj55nttc7xyqsgq36zanb4.png
21,1,phota,19.472736358642578,"change the lighting to dramatic side lighting with half the face in deep shadow",https://cloud.inference.sh/app/files/u/4mg21r6ta37mpaz6ktzwtt8krr/01kmtj5fs05djspcrxq1m6e7cr.png
21,2,phota,20.340761184692383,"make her expression a wide genuine laugh with eyes crinkled and mouth open",https://cloud.inference.sh/app/files/u/4mg21r6ta37mpaz6ktzwtt8krr/01kmtj64dxw9kxc2gfa3jmpsx8.png
21,3,phota,21.425016403198242,"make her look over her right shoulder toward something behind her",https://cloud.inference.sh/app/files/u/4mg21r6ta37mpaz6ktzwtt8krr/01kmtj7486bxxe1a7kkrpdc7vy.png
21,4,phota,19.147457122802734,"change the camera angle to a low angle shot looking up at her",https://cloud.inference.sh/app/files/u/4mg21r6ta37mpaz6ktzwtt8krr/01kmtj7hvareyqz3sdea828n1f.png
21,5,phota,21.06110954284668,"change her outfit to a bright red formal dress with a different background",https://cloud.inference.sh/app/files/u/4mg21r6ta37mpaz6ktzwtt8krr/01kmtj8gz1jv4sf2mem4ntryry.png
34,1,phota,18.3148193359375,"change the lighting to dramatic side lighting with half the face in deep shadow",https://cloud.inference.sh/app/files/u/4mg21r6ta37mpaz6ktzwtt8krr/01kmtj9mf684346z082t7zn1nm.png
34,2,phota,19.66687774658203,"make her expression a wide genuine laugh with eyes crinkled and mouth open",https://cloud.inference.sh/app/files/u/4mg21r6ta37mpaz6ktzwtt8krr/01kmtj9y59fkg8v4a39vtzv1yv.png
34,3,phota,19.29148292541504,"make her look over her right shoulder toward something behind her",https://cloud.inference.sh/app/files/u/4mg21r6ta37mpaz6ktzwtt8krr/01kmtjavd6r6570ve6r9r1dwb8.png
34,4,phota,18.858976364135742,"change the camera angle to a low angle shot looking up at her",https://cloud.inference.sh/app/files/u/4mg21r6ta37mpaz6ktzwtt8krr/01kmtjb6rd8qzrdm5tyhn2fnjt.png
34,5,phota,20.46709442138672,"change her outfit to a bright red formal dress with a different background",https://cloud.inference.sh/app/files/u/4mg21r6ta37mpaz6ktzwtt8krr/01kmtjcetdwtgwbjgsvhv7r29m.png
70,1,phota,19.525014877319336,"change the lighting to dramatic side lighting with half the face in deep shadow",https://cloud.inference.sh/app/files/u/4mg21r6ta37mpaz6ktzwtt8krr/01kmtjd1dc1xh3mxax9mpnkxk5.png
70,2,phota,19.673980712890625,"make her expression a wide genuine laugh with eyes crinkled and mouth open",https://cloud.inference.sh/app/files/u/4mg21r6ta37mpaz6ktzwtt8krr/01kmtjd53sj03q5dbfj8nkhk5n.png
70,3,phota,19.00801658630371,"make her look over her right shoulder toward something behind her",https://cloud.inference.sh/app/files/u/4mg21r6ta37mpaz6ktzwtt8krr/01kmtjf29h6btsz85nsyq5bpbt.png
70,4,phota,18.423748016357422,"change the camera angle to a low angle shot looking up at her",https://cloud.inference.sh/app/files/u/4mg21r6ta37mpaz6ktzwtt8krr/01kmtjetw23aj2w3hd3xns0wza.png
70,5,phota,20.796384811401367,"change her outfit to a bright red formal dress with a different background",https://cloud.inference.sh/app/files/u/4mg21r6ta37mpaz6ktzwtt8krr/01kmtjfmhxv8wfk3jns6k24hda.png
83,1,phota,19.927927017211914,"change the lighting to dramatic side lighting with half the face in deep shadow",https://cloud.inference.sh/app/files/u/4mg21r6ta37mpaz6ktzwtt8krr/01kmtjgscm96v5804rrtcvbb08.png
83,2,phota,21.00177001953125,"make her expression a wide genuine laugh with eyes crinkled and mouth open",https://cloud.inference.sh/app/files/u/4mg21r6ta37mpaz6ktzwtt8krr/01kmtjh3sfgt6k5vp2axhmbc9g.png
83,3,phota,21.638355255126953,"make her look over her right shoulder toward something behind her",https://cloud.inference.sh/app/files/u/4mg21r6ta37mpaz6ktzwtt8krr/01kmtjj2jwjcasm32v2a0gh7cz.png
83,4,phota,19.604812622070312,"change the camera angle to a low angle shot looking up at her",https://cloud.inference.sh/app/files/u/4mg21r6ta37mpaz6ktzwtt8krr/01kmtjjd8s4gvepc20qrmgxxw8.png
83,5,phota,21.912185668945312,"change her outfit to a bright red formal dress with a different background",https://cloud.inference.sh/app/files/u/4mg21r6ta37mpaz6ktzwtt8krr/01kmtjk4f37yayjf9xydcpbzfn.png
91,1,phota,18.223167419433594,"change the lighting to dramatic side lighting with half the face in deep shadow",https://cloud.inference.sh/app/files/u/4mg21r6ta37mpaz6ktzwtt8krr/01kmtjmmajdjfb7waz6175vx9k.png
91,2,phota,19.801586151123047,"make her expression a wide genuine laugh with eyes crinkled and mouth open",https://cloud.inference.sh/app/files/u/4mg21r6ta37mpaz6ktzwtt8krr/01kmtjm5fj1fn2ckscaamab267.png
91,3,phota,19.61419105529785,"make her look over her right shoulder toward something behind her",https://cloud.inference.sh/app/files/u/4mg21r6ta37mpaz6ktzwtt8krr/01kmtjnrmq90137zvzmjhb1m06.png
91,4,phota,17.819862365722656,"change the camera angle to a low angle shot looking up at her",https://cloud.inference.sh/app/files/u/4mg21r6ta37mpaz6ktzwtt8krr/01kmtjppa4mh81x5sjm6zrd117.png
91,5,phota,19.933013916015625,"change her outfit to a bright red formal dress with a different background",https://cloud.inference.sh/app/files/u/4mg21r6ta37mpaz6ktzwtt8krr/01kmtjptmrcdrhcrted9nw7kfy.png
1,1,nb2_ref,20.527368545532227,"change the lighting to dramatic side lighting with half the face in deep shadow",https://cloud.inference.sh/app/files/u/4mg21r6ta37mpaz6ktzwtt8krr/01kmthnmfmkvcmy790agqgb3xj.png
1,2,nb2_ref,21.38705825805664,"make her expression a wide genuine laugh with eyes crinkled and mouth open",https://cloud.inference.sh/app/files/u/4mg21r6ta37mpaz6ktzwtt8krr/01kmthmqrfz47rg4kt9ea07tyq.png
1,3,nb2_ref,21.668352127075195,"make her look over her right shoulder toward something behind her",https://cloud.inference.sh/app/files/u/4mg21r6ta37mpaz6ktzwtt8krr/01kmthnmd1v1ng5ndpw35sx9dy.png
1,4,nb2_ref,19.502214431762695,"change the camera angle to a low angle shot looking up at her",https://cloud.inference.sh/app/files/u/4mg21r6ta37mpaz6ktzwtt8krr/01kmthpma0gkgmjmqp29djrnmb.png
1,5,nb2_ref,21.601015090942383,"change her outfit to a bright red formal dress with a different background",https://cloud.inference.sh/app/files/u/4mg21r6ta37mpaz6ktzwtt8krr/01kmthq4ap8k647s4s577dbpe1.png
3,1,nb2_ref,20.355140686035156,"change the lighting to dramatic side lighting with half the face in deep shadow",https://cloud.inference.sh/app/files/u/4mg21r6ta37mpaz6ktzwtt8krr/01kmthqxapb5y0akcv642pg8kd.png
3,2,nb2_ref,20.85332489013672,"make her expression a wide genuine laugh with eyes crinkled and mouth open",https://cloud.inference.sh/app/files/u/4mg21r6ta37mpaz6ktzwtt8krr/01kmthrdcyax309yrmh6p8v029.png
3,3,nb2_ref,21.62255859375,"make her look over her right shoulder toward something behind her",https://cloud.inference.sh/app/files/u/4mg21r6ta37mpaz6ktzwtt8krr/01kmths8c6y8any86nvggfvfzk.png
3,4,nb2_ref,19.319080352783203,"change the camera angle to a low angle shot looking up at her",https://cloud.inference.sh/app/files/u/4mg21r6ta37mpaz6ktzwtt8krr/01kmthsg9vyxj5j4ht326g32jc.png
3,5,nb2_ref,21.764774322509766,"change her outfit to a bright red formal dress with a different background",https://cloud.inference.sh/app/files/u/4mg21r6ta37mpaz6ktzwtt8krr/01kmthte0kv3csa9wwbqxn61kz.png
5,1,nb2_ref,19.687604904174805,"change the lighting to dramatic side lighting with half the face in deep shadow",https://cloud.inference.sh/app/files/u/4mg21r6ta37mpaz6ktzwtt8krr/01kmthtx1df84pm4hpyp82kqe2.png
5,2,nb2_ref,20.423219680786133,"make her expression a wide genuine laugh with eyes crinkled and mouth open",https://cloud.inference.sh/app/files/u/4mg21r6ta37mpaz6ktzwtt8krr/01kmthvgv92w6x4epndbn6ezv2.png
5,3,nb2_ref,20.319496154785156,"make her look over her right shoulder toward something behind her",https://cloud.inference.sh/app/files/u/4mg21r6ta37mpaz6ktzwtt8krr/01kmthwb436pbhm6q24k116tvq.png
5,4,nb2_ref,18.86455726623535,"change the camera angle to a low angle shot looking up at her",https://cloud.inference.sh/app/files/u/4mg21r6ta37mpaz6ktzwtt8krr/01kmthwpbwg1dtwf8ehnb0nrgt.png
5,5,nb2_ref,20.94009780883789,"change her outfit to a bright red formal dress with a different background",https://cloud.inference.sh/app/files/u/4mg21r6ta37mpaz6ktzwtt8krr/01kmthxm7qgedm3pf0jfc41kk7.png
8,1,nb2_ref,20.37622833251953,"change the lighting to dramatic side lighting with half the face in deep shadow",https://cloud.inference.sh/app/files/u/4mg21r6ta37mpaz6ktzwtt8krr/01kmthym7989j508qbd6p5emxm.png
8,2,nb2_ref,20.3164119720459,"make her expression a wide genuine laugh with eyes crinkled and mouth open",https://cloud.inference.sh/app/files/u/4mg21r6ta37mpaz6ktzwtt8krr/01kmthz0tpfe0k8sjqh9k8mgez.png
8,3,nb2_ref,20.820478439331055,"make her look over her right shoulder toward something behind her",https://cloud.inference.sh/app/files/u/4mg21r6ta37mpaz6ktzwtt8krr/01kmtj0ertd07vjs0fxfsymjrt.png
8,4,nb2_ref,19.464282989501953,"change the camera angle to a low angle shot looking up at her",https://cloud.inference.sh/app/files/u/4mg21r6ta37mpaz6ktzwtt8krr/01kmtj051h387khv5hdkq0mr6r.png
8,5,nb2_ref,22.1491756439209,"change her outfit to a bright red formal dress with a different background",https://cloud.inference.sh/app/files/u/4mg21r6ta37mpaz6ktzwtt8krr/01kmtj166mrf42jhrps6pz81bs.png
14,1,nb2_ref,19.055885314941406,"change the lighting to dramatic side lighting with half the face in deep shadow",https://cloud.inference.sh/app/files/u/4mg21r6ta37mpaz6ktzwtt8krr/01kmtj27vr9tryhyfa2tfs828v.png
14,2,nb2_ref,20.18097686767578,"make her expression a wide genuine laugh with eyes crinkled and mouth open",https://cloud.inference.sh/app/files/u/4mg21r6ta37mpaz6ktzwtt8krr/01kmtj2kdtn5atkmrk60j0j07x.png
14,3,nb2_ref,19.540828704833984,"make her look over her right shoulder toward something behind her",https://cloud.inference.sh/app/files/u/4mg21r6ta37mpaz6ktzwtt8krr/01kmtj3gb8nkm662298xr330ft.png
14,4,nb2_ref,18.128131866455078,"change the camera angle to a low angle shot looking up at her",https://cloud.inference.sh/app/files/u/4mg21r6ta37mpaz6ktzwtt8krr/01kmtj40gcp5z290ah4rq8swbg.png
14,5,nb2_ref,20.2823543548584,"change her outfit to a bright red formal dress with a different background",https://cloud.inference.sh/app/files/u/4mg21r6ta37mpaz6ktzwtt8krr/01kmtj4w77rrqtshm00jje1vez.png
21,1,nb2_ref,19.397964477539062,"change the lighting to dramatic side lighting with half the face in deep shadow",https://cloud.inference.sh/app/files/u/4mg21r6ta37mpaz6ktzwtt8krr/01kmtj5e6pe8e6c573nzx90swv.png
21,2,nb2_ref,20.548994064331055,"make her expression a wide genuine laugh with eyes crinkled and mouth open",https://cloud.inference.sh/app/files/u/4mg21r6ta37mpaz6ktzwtt8krr/01kmtj5zsp74rpjybkv1n00y27.png
21,3,nb2_ref,21.501543045043945,"make her look over her right shoulder toward something behind her",https://cloud.inference.sh/app/files/u/4mg21r6ta37mpaz6ktzwtt8krr/01kmtj6z3bpq6fxnqy5x2bt90h.png
21,4,nb2_ref,20.021677017211914,"change the camera angle to a low angle shot looking up at her",https://cloud.inference.sh/app/files/u/4mg21r6ta37mpaz6ktzwtt8krr/01kmtj7qj8awvenspkqtdh0hdb.png
21,5,nb2_ref,20.96255111694336,"change her outfit to a bright red formal dress with a different background",https://cloud.inference.sh/app/files/u/4mg21r6ta37mpaz6ktzwtt8krr/01kmtj8b285es6rkh7jz079ya6.png
34,1,nb2_ref,18.448171615600586,"change the lighting to dramatic side lighting with half the face in deep shadow",https://cloud.inference.sh/app/files/u/4mg21r6ta37mpaz6ktzwtt8krr/01kmtj8vsddgwnxxbdz8agf57x.png
34,2,nb2_ref,19.755762100219727,"make her expression a wide genuine laugh with eyes crinkled and mouth open",https://cloud.inference.sh/app/files/u/4mg21r6ta37mpaz6ktzwtt8krr/01kmtj9eavjqphw3xse4d7nvj9.png
34,3,nb2_ref,19.104883193969727,"make her look over her right shoulder toward something behind her",https://cloud.inference.sh/app/files/u/4mg21r6ta37mpaz6ktzwtt8krr/01kmtjav4fmp28b6yb07yk9nmq.png
34,4,nb2_ref,19.45648193359375,"change the camera angle to a low angle shot looking up at her",https://cloud.inference.sh/app/files/u/4mg21r6ta37mpaz6ktzwtt8krr/01kmtjas27n4eb35sj3mq02ycf.png
34,5,nb2_ref,20.228208541870117,"change her outfit to a bright red formal dress with a different background",https://cloud.inference.sh/app/files/u/4mg21r6ta37mpaz6ktzwtt8krr/01kmtjbsyy470js89we4c5tc92.png
70,1,nb2_ref,19.356521606445312,"change the lighting to dramatic side lighting with half the face in deep shadow",https://cloud.inference.sh/app/files/u/4mg21r6ta37mpaz6ktzwtt8krr/01kmtjcetym87c1k0ee2evxx6k.png
70,2,nb2_ref,19.809967041015625,"make her expression a wide genuine laugh with eyes crinkled and mouth open",https://cloud.inference.sh/app/files/u/4mg21r6ta37mpaz6ktzwtt8krr/01kmtjdg72q4qkq1d0hzmbyqg8.png
70,3,nb2_ref,19.13483238220215,"make her look over her right shoulder toward something behind her",https://cloud.inference.sh/app/files/u/4mg21r6ta37mpaz6ktzwtt8krr/01kmtje68sqhm1mrxv8fzh6xbz.png
70,4,nb2_ref,18.170440673828125,"change the camera angle to a low angle shot looking up at her",https://cloud.inference.sh/app/files/u/4mg21r6ta37mpaz6ktzwtt8krr/01kmtjesx7askfj4xjvrncwafw.png
70,5,nb2_ref,20.423540115356445,"change her outfit to a bright red formal dress with a different background",https://cloud.inference.sh/app/files/u/4mg21r6ta37mpaz6ktzwtt8krr/01kmtjg4x87nw3nyx1je35jq02.png
83,1,nb2_ref,19.781484603881836,"change the lighting to dramatic side lighting with half the face in deep shadow",https://cloud.inference.sh/app/files/u/4mg21r6ta37mpaz6ktzwtt8krr/01kmtjg73ctv3cbrjrvbzp0b4m.png
83,2,nb2_ref,21.343448638916016,"make her expression a wide genuine laugh with eyes crinkled and mouth open",https://cloud.inference.sh/app/files/u/4mg21r6ta37mpaz6ktzwtt8krr/01kmtjgxsvedm8trythkeh0j2x.png
83,3,nb2_ref,21.762582778930664,"make her look over her right shoulder toward something behind her",https://cloud.inference.sh/app/files/u/4mg21r6ta37mpaz6ktzwtt8krr/01kmtjhp99xcbfffcvt8hxbe54.png
83,4,nb2_ref,19.44164276123047,"change the camera angle to a low angle shot looking up at her",https://cloud.inference.sh/app/files/u/4mg21r6ta37mpaz6ktzwtt8krr/01kmtjj5xj3ebhg5m6a5byn765.png
83,5,nb2_ref,21.82368278503418,"change her outfit to a bright red formal dress with a different background",https://cloud.inference.sh/app/files/u/4mg21r6ta37mpaz6ktzwtt8krr/01kmtjjvgpk7ey5f96e180mq37.png
91,1,nb2_ref,18.09290313720703,"change the lighting to dramatic side lighting with half the face in deep shadow",https://cloud.inference.sh/app/files/u/4mg21r6ta37mpaz6ktzwtt8krr/01kmtjkpn3e8hhszw1axqtr6t6.png
91,2,nb2_ref,19.91971778869629,"make her expression a wide genuine laugh with eyes crinkled and mouth open",https://cloud.inference.sh/app/files/u/4mg21r6ta37mpaz6ktzwtt8krr/01kmtjm4ep08ce298rrh33gfhn.png
91,3,nb2_ref,19.705753326416016,"make her look over her right shoulder toward something behind her",https://cloud.inference.sh/app/files/u/4mg21r6ta37mpaz6ktzwtt8krr/01kmtjn5j9vn9ahbs2d0zk9zgp.png
91,4,nb2_ref,17.824235916137695,"change the camera angle to a low angle shot looking up at her",https://cloud.inference.sh/app/files/u/4mg21r6ta37mpaz6ktzwtt8krr/01kmtjnrsg668a6egvdkcr8vr2.png
91,5,nb2_ref,20.03995704650879,"change her outfit to a bright red formal dress with a different background",https://cloud.inference.sh/app/files/u/4mg21r6ta37mpaz6ktzwtt8krr/01kmtjpq0f45dct1ff0ej0ghcy.png
1,1,nb2_noref,20.096805572509766,"change the lighting to dramatic side lighting with half the face in deep shadow",https://cloud.inference.sh/app/files/u/4mg21r6ta37mpaz6ktzwtt8krr/01kmthmev6caaef8a963428hkd.png
1,2,nb2_noref,21.243772506713867,"make her expression a wide genuine laugh with eyes crinkled and mouth open",https://cloud.inference.sh/app/files/u/4mg21r6ta37mpaz6ktzwtt8krr/01kmthnb4z7x5g2kphmcth0m09.png
1,3,nb2_noref,22.09630012512207,"make her look over her right shoulder toward something behind her",https://cloud.inference.sh/app/files/u/4mg21r6ta37mpaz6ktzwtt8krr/01kmthnzd9frmyczcze32rv548.png
1,4,nb2_noref,19.482128143310547,"change the camera angle to a low angle shot looking up at her",https://cloud.inference.sh/app/files/u/4mg21r6ta37mpaz6ktzwtt8krr/01kmthpe19fx302d24t3kv51gy.png
1,5,nb2_noref,21.90167236328125,"change her outfit to a bright red formal dress with a different background",https://cloud.inference.sh/app/files/u/4mg21r6ta37mpaz6ktzwtt8krr/01kmthq7ee98rvjsh37xvw2yby.png
3,1,nb2_noref,20.234764099121094,"change the lighting to dramatic side lighting with half the face in deep shadow",https://cloud.inference.sh/app/files/u/4mg21r6ta37mpaz6ktzwtt8krr/01kmthr02ebrdq86a8hgy3nvzc.png
3,2,nb2_noref,20.895645141601562,"make her expression a wide genuine laugh with eyes crinkled and mouth open",https://cloud.inference.sh/app/files/u/4mg21r6ta37mpaz6ktzwtt8krr/01kmthrjtk5530ybr8yp777xwf.png
3,3,nb2_noref,21.876066207885742,"make her look over her right shoulder toward something behind her",https://cloud.inference.sh/app/files/u/4mg21r6ta37mpaz6ktzwtt8krr/01kmthsgkcg5ghe89akxtch2qn.png
3,4,nb2_noref,18.979354858398438,"change the camera angle to a low angle shot looking up at her",https://cloud.inference.sh/app/files/u/4mg21r6ta37mpaz6ktzwtt8krr/01kmtht0gsfysfamzegsah7e61.png
3,5,nb2_noref,21.169885635375977,"change her outfit to a bright red formal dress with a different background",https://cloud.inference.sh/app/files/u/4mg21r6ta37mpaz6ktzwtt8krr/01kmthtaqpmz950pcrvef4255e.png
5,1,nb2_noref,19.373512268066406,"change the lighting to dramatic side lighting with half the face in deep shadow",https://cloud.inference.sh/app/files/u/4mg21r6ta37mpaz6ktzwtt8krr/01kmthvmy8sjz4zyxdae7ywbtb.png
5,2,nb2_noref,20.449853897094727,"make her expression a wide genuine laugh with eyes crinkled and mouth open",https://cloud.inference.sh/app/files/u/4mg21r6ta37mpaz6ktzwtt8krr/01kmthvmkqxw60da8zmzw0jwjn.png
5,3,nb2_noref,20.18718719482422,"make her look over her right shoulder toward something behind her",https://cloud.inference.sh/app/files/u/4mg21r6ta37mpaz6ktzwtt8krr/01kmthwmw1tdeqm8w876rr0qhd.png
5,4,nb2_noref,18.839393615722656,"change the camera angle to a low angle shot looking up at her",https://cloud.inference.sh/app/files/u/4mg21r6ta37mpaz6ktzwtt8krr/01kmthx8w3fhmqga57agshkfe5.png
5,5,nb2_noref,21.098241806030273,"change her outfit to a bright red formal dress with a different background",https://cloud.inference.sh/app/files/u/4mg21r6ta37mpaz6ktzwtt8krr/01kmthxx0g5qqryb36sfynej4t.png
8,1,nb2_noref,19.999528884887695,"change the lighting to dramatic side lighting with half the face in deep shadow",https://cloud.inference.sh/app/files/u/4mg21r6ta37mpaz6ktzwtt8krr/01kmthypt3d85q7jd4w13hpphj.png
8,2,nb2_noref,20.357738494873047,"make her expression a wide genuine laugh with eyes crinkled and mouth open",https://cloud.inference.sh/app/files/u/4mg21r6ta37mpaz6ktzwtt8krr/01kmthza9fnsbe7cagq8f3nh86.png
8,3,nb2_noref,20.590240478515625,"make her look over her right shoulder toward something behind her",https://cloud.inference.sh/app/files/u/4mg21r6ta37mpaz6ktzwtt8krr/01kmtj02y319gybvdm71zseam4.png
8,4,nb2_noref,19.360774993896484,"change the camera angle to a low angle shot looking up at her",https://cloud.inference.sh/app/files/u/4mg21r6ta37mpaz6ktzwtt8krr/01kmtj1fa831c3spj6tby141e7.png
8,5,nb2_noref,22.023616790771484,"change her outfit to a bright red formal dress with a different background",https://cloud.inference.sh/app/files/u/4mg21r6ta37mpaz6ktzwtt8krr/01kmtj1bgj4v8qy1s5gzca5gwd.png
14,1,nb2_noref,19.491621017456055,"change the lighting to dramatic side lighting with half the face in deep shadow",https://cloud.inference.sh/app/files/u/4mg21r6ta37mpaz6ktzwtt8krr/01kmtj26syw9vdsh3g18239dw7.png
14,2,nb2_noref,20.26062774658203,"make her expression a wide genuine laugh with eyes crinkled and mouth open",https://cloud.inference.sh/app/files/u/4mg21r6ta37mpaz6ktzwtt8krr/01kmtj33nz1c3sfpezkj51qved.png
14,3,nb2_noref,18.981868743896484,"make her look over her right shoulder toward something behind her",https://cloud.inference.sh/app/files/u/4mg21r6ta37mpaz6ktzwtt8krr/01kmtj3rzdygmer5h9eq3sv38x.png
14,4,nb2_noref,17.53961181640625,"change the camera angle to a low angle shot looking up at her",https://cloud.inference.sh/app/files/u/4mg21r6ta37mpaz6ktzwtt8krr/01kmtj4bmf2wz6670cs6aem8v5.png
14,5,nb2_noref,20.17598533630371,"change her outfit to a bright red formal dress with a different background",https://cloud.inference.sh/app/files/u/4mg21r6ta37mpaz6ktzwtt8krr/01kmtj55d722jmrp3m7fezjnqf.png
21,1,nb2_noref,19.2667293548584,"change the lighting to dramatic side lighting with half the face in deep shadow",https://cloud.inference.sh/app/files/u/4mg21r6ta37mpaz6ktzwtt8krr/01kmtj6r0mkyaxcyvsh6pmnfj5.png
21,2,nb2_noref,20.430828094482422,"make her expression a wide genuine laugh with eyes crinkled and mouth open",https://cloud.inference.sh/app/files/u/4mg21r6ta37mpaz6ktzwtt8krr/01kmtj675b8gqc6ep2mp6segd3.png
21,3,nb2_noref,21.5007266998291,"make her look over her right shoulder toward something behind her",https://cloud.inference.sh/app/files/u/4mg21r6ta37mpaz6ktzwtt8krr/01kmtj7jdav616qgrmcsyrdndr.png
21,4,nb2_noref,19.322406768798828,"change the camera angle to a low angle shot looking up at her",https://cloud.inference.sh/app/files/u/4mg21r6ta37mpaz6ktzwtt8krr/01kmtj7s5qfrmjb4k5bs6q0dvq.png
21,5,nb2_noref,20.651578903198242,"change her outfit to a bright red formal dress with a different background",https://cloud.inference.sh/app/files/u/4mg21r6ta37mpaz6ktzwtt8krr/01kmtj8p2krd4wmss32g34ktx8.png
34,1,nb2_noref,18.138744354248047,"change the lighting to dramatic side lighting with half the face in deep shadow",https://cloud.inference.sh/app/files/u/4mg21r6ta37mpaz6ktzwtt8krr/01kmtj9a9tzkq4d9bm76t4gqe3.png
34,2,nb2_noref,19.84932518005371,"make her expression a wide genuine laugh with eyes crinkled and mouth open",https://cloud.inference.sh/app/files/u/4mg21r6ta37mpaz6ktzwtt8krr/01kmtj9nrzzp14nyvhb398vsvh.png
34,3,nb2_noref,19.52789878845215,"make her look over her right shoulder toward something behind her",https://cloud.inference.sh/app/files/u/4mg21r6ta37mpaz6ktzwtt8krr/01kmtjadwt74vde2r340kepfja.png
34,4,nb2_noref,19.077722549438477,"change the camera angle to a low angle shot looking up at her",https://cloud.inference.sh/app/files/u/4mg21r6ta37mpaz6ktzwtt8krr/01kmtjbb0tt4gaa2j40y5z5gc0.png
34,5,nb2_noref,20.20332908630371,"change her outfit to a bright red formal dress with a different background",https://cloud.inference.sh/app/files/u/4mg21r6ta37mpaz6ktzwtt8krr/01kmtjbx0gj4fdkgz246c6mn0d.png
70,1,nb2_noref,19.104705810546875,"change the lighting to dramatic side lighting with half the face in deep shadow",https://cloud.inference.sh/app/files/u/4mg21r6ta37mpaz6ktzwtt8krr/01kmtjdaq553g44587a1v76zmb.png
70,2,nb2_noref,19.826431274414062,"make her expression a wide genuine laugh with eyes crinkled and mouth open",https://cloud.inference.sh/app/files/u/4mg21r6ta37mpaz6ktzwtt8krr/01kmtjd9qd1pz08mkjbvbbfhw1.png
70,3,nb2_noref,18.814674377441406,"make her look over her right shoulder toward something behind her",https://cloud.inference.sh/app/files/u/4mg21r6ta37mpaz6ktzwtt8krr/01kmtjea2n7z9arb3zqmraps4d.png
70,4,nb2_noref,18.175859451293945,"change the camera angle to a low angle shot looking up at her",https://cloud.inference.sh/app/files/u/4mg21r6ta37mpaz6ktzwtt8krr/01kmtjf3tet9hbbj2dw48b0kym.png
70,5,nb2_noref,20.014835357666016,"change her outfit to a bright red formal dress with a different background",https://cloud.inference.sh/app/files/u/4mg21r6ta37mpaz6ktzwtt8krr/01kmtjfxsde4nptq45xcwwk664.png
83,1,nb2_noref,19.931447982788086,"change the lighting to dramatic side lighting with half the face in deep shadow",https://cloud.inference.sh/app/files/u/4mg21r6ta37mpaz6ktzwtt8krr/01kmtjgj24y65y4qwrx1hy6p92.png
83,2,nb2_noref,21.427438735961914,"make her expression a wide genuine laugh with eyes crinkled and mouth open",https://cloud.inference.sh/app/files/u/4mg21r6ta37mpaz6ktzwtt8krr/01kmtjh6dctmwec506rvq69xt9.png
83,3,nb2_noref,21.80876922607422,"make her look over her right shoulder toward something behind her",https://cloud.inference.sh/app/files/u/4mg21r6ta37mpaz6ktzwtt8krr/01kmtjhx02sqce9q4j7w5y7jwk.png
83,4,nb2_noref,19.744985580444336,"change the camera angle to a low angle shot looking up at her",https://cloud.inference.sh/app/files/u/4mg21r6ta37mpaz6ktzwtt8krr/01kmtjjj8zh1sq2n9s09hss8zb.png
83,5,nb2_noref,21.692930221557617,"change her outfit to a bright red formal dress with a different background",https://cloud.inference.sh/app/files/u/4mg21r6ta37mpaz6ktzwtt8krr/01kmtjjx8q4md3753n7pac84aj.png
91,1,nb2_noref,18.381755828857422,"change the lighting to dramatic side lighting with half the face in deep shadow",https://cloud.inference.sh/app/files/u/4mg21r6ta37mpaz6ktzwtt8krr/01kmtjkxndaj347w619vxm8dk3.png
91,2,nb2_noref,20.03428840637207,"make her expression a wide genuine laugh with eyes crinkled and mouth open",https://cloud.inference.sh/app/files/u/4mg21r6ta37mpaz6ktzwtt8krr/01kmtjmkpza296asxbg734bvt0.png
91,3,nb2_noref,18.674726486206055,"make her look over her right shoulder toward something behind her",https://cloud.inference.sh/app/files/u/4mg21r6ta37mpaz6ktzwtt8krr/01kmtjnayas7d1858v004n1ty8.png
91,4,nb2_noref,18.044952392578125,"change the camera angle to a low angle shot looking up at her",https://cloud.inference.sh/app/files/u/4mg21r6ta37mpaz6ktzwtt8krr/01kmtjpkk14a4h2phscyv2ng5p.png
91,5,nb2_noref,20.242473602294922,"change her outfit to a bright red formal dress with a different background",https://cloud.inference.sh/app/files/u/4mg21r6ta37mpaz6ktzwtt8krr/01kmtjpm9gajv33cynm9xk7382.png
