source_index,edit_index,model,similarity,face_detected,confidence,output_url
1,1,phota,0.7782285213470459,true,0.7744778990745544,https://cloud.inference.sh/app/files/u/4mg21r6ta37mpaz6ktzwtt8krr/01kmthmwj69rgdyv1anfsy63we.png
1,2,phota,0.787175714969635,true,0.8286629319190979,https://cloud.inference.sh/app/files/u/4mg21r6ta37mpaz6ktzwtt8krr/01kmthn3511ffq1b8j2jz4k435.png
1,3,phota,0.6674553155899048,true,0.8433884382247925,https://cloud.inference.sh/app/files/u/4mg21r6ta37mpaz6ktzwtt8krr/01kmthp97vf7x1p98kdre54sgk.png
1,4,phota,0.7137340307235718,true,0.9209206104278564,https://cloud.inference.sh/app/files/u/4mg21r6ta37mpaz6ktzwtt8krr/01kmthprzkhcrpa3h907et9txb.png
1,5,phota,0.778954267501831,true,0.7849950194358826,https://cloud.inference.sh/app/files/u/4mg21r6ta37mpaz6ktzwtt8krr/01kmthqf8etebg6gynffb2crhw.png
3,1,phota,0.7149156928062439,true,0.8740885853767395,https://cloud.inference.sh/app/files/u/4mg21r6ta37mpaz6ktzwtt8krr/01kmthr7sda9vkfe7yvdgaskmn.png
3,2,phota,0.7406172752380371,true,0.8987467885017395,https://cloud.inference.sh/app/files/u/4mg21r6ta37mpaz6ktzwtt8krr/01kmthrdxtds6j4wfs3gbexa10.png
3,3,phota,0.7596312165260315,true,0.850166916847229,https://cloud.inference.sh/app/files/u/4mg21r6ta37mpaz6ktzwtt8krr/01kmthsar7dcvatmhverycvf48.png
3,4,phota,0.6835284233093262,true,0.9110783338546753,https://cloud.inference.sh/app/files/u/4mg21r6ta37mpaz6ktzwtt8krr/01kmthss7vsgx8jt2hrsfbcyhz.png
3,5,phota,0.7992702126502991,true,0.8991810083389282,https://cloud.inference.sh/app/files/u/4mg21r6ta37mpaz6ktzwtt8krr/01kmthtm6pnf63ce2ev8s76j3j.png
5,1,phota,0.6746162176132202,true,0.8623155355453491,https://cloud.inference.sh/app/files/u/4mg21r6ta37mpaz6ktzwtt8krr/01kmthve8mk3ydvzmhm12v7deh.png
5,2,phota,0.7296889424324036,true,0.8894862532615662,https://cloud.inference.sh/app/files/u/4mg21r6ta37mpaz6ktzwtt8krr/01kmthvr31d23tx1nzagjwqrtr.png
5,3,phota,0.6963224411010742,true,0.8586917519569397,https://cloud.inference.sh/app/files/u/4mg21r6ta37mpaz6ktzwtt8krr/01kmthwqgze5x3nmr7q62hagez.png
5,4,phota,0.7595404982566833,true,0.8806836605072021,https://cloud.inference.sh/app/files/u/4mg21r6ta37mpaz6ktzwtt8krr/01kmthxem1ed16zk6kqqemxfh5.png
5,5,phota,0.793790340423584,true,0.8473097681999207,https://cloud.inference.sh/app/files/u/4mg21r6ta37mpaz6ktzwtt8krr/01kmthxzf7rzadh8b857h1gbn1.png
8,1,phota,0.7533954381942749,true,0.8055534958839417,https://cloud.inference.sh/app/files/u/4mg21r6ta37mpaz6ktzwtt8krr/01kmthyn98rvt24nq2srzxzsee.png
8,2,phota,0.7714011669158936,true,0.817653238773346,https://cloud.inference.sh/app/files/u/4mg21r6ta37mpaz6ktzwtt8krr/01kmthz3gv3z68xcej193s6wg0.png
8,3,phota,0.7342013120651245,true,0.8288083672523499,https://cloud.inference.sh/app/files/u/4mg21r6ta37mpaz6ktzwtt8krr/01kmtj03nkha2dbzc3k3x13zq3.png
8,4,phota,0.7161378860473633,true,0.7702710628509521,https://cloud.inference.sh/app/files/u/4mg21r6ta37mpaz6ktzwtt8krr/01kmtj0e1qez2nnsr1zwzmbwq1.png
8,5,phota,0.8493719696998596,true,0.8482231497764587,https://cloud.inference.sh/app/files/u/4mg21r6ta37mpaz6ktzwtt8krr/01kmtj1g15bpty8y2wp2hfcv1d.png
14,1,phota,0.7260684967041016,true,0.8036027550697327,https://cloud.inference.sh/app/files/u/4mg21r6ta37mpaz6ktzwtt8krr/01kmtj2hyjfm9d2mqjrztj8jyk.png
14,2,phota,0.6580057144165039,true,0.861682653427124,https://cloud.inference.sh/app/files/u/4mg21r6ta37mpaz6ktzwtt8krr/01kmtj2sgzcxa02t6v5nnggsq1.png
14,3,phota,0.7486071586608887,true,0.8234638571739197,https://cloud.inference.sh/app/files/u/4mg21r6ta37mpaz6ktzwtt8krr/01kmtj3k02tcrz9010fc77mtzr.png
14,4,phota,0.6891807317733765,true,0.8897284269332886,https://cloud.inference.sh/app/files/u/4mg21r6ta37mpaz6ktzwtt8krr/01kmtj42awrj5w4e71j62a2j1v.png
14,5,phota,0.7337972521781921,true,0.8094989061355591,https://cloud.inference.sh/app/files/u/4mg21r6ta37mpaz6ktzwtt8krr/01kmtj55nttc7xyqsgq36zanb4.png
21,1,phota,0.5257848501205444,true,0.6629257202148438,https://cloud.inference.sh/app/files/u/4mg21r6ta37mpaz6ktzwtt8krr/01kmtj5fs05djspcrxq1m6e7cr.png
21,2,phota,0.4834027588367462,true,0.7230356931686401,https://cloud.inference.sh/app/files/u/4mg21r6ta37mpaz6ktzwtt8krr/01kmtj64dxw9kxc2gfa3jmpsx8.png
21,3,phota,0.7366711497306824,true,0.8143138885498047,https://cloud.inference.sh/app/files/u/4mg21r6ta37mpaz6ktzwtt8krr/01kmtj7486bxxe1a7kkrpdc7vy.png
21,4,phota,0.6226219534873962,true,0.7525659203529358,https://cloud.inference.sh/app/files/u/4mg21r6ta37mpaz6ktzwtt8krr/01kmtj7hvareyqz3sdea828n1f.png
21,5,phota,0.6720678806304932,true,0.7401222586631775,https://cloud.inference.sh/app/files/u/4mg21r6ta37mpaz6ktzwtt8krr/01kmtj8gz1jv4sf2mem4ntryry.png
34,1,phota,0.560721755027771,true,0.8312881588935852,https://cloud.inference.sh/app/files/u/4mg21r6ta37mpaz6ktzwtt8krr/01kmtj9mf684346z082t7zn1nm.png
34,2,phota,0.6672426462173462,true,0.7898419499397278,https://cloud.inference.sh/app/files/u/4mg21r6ta37mpaz6ktzwtt8krr/01kmtj9y59fkg8v4a39vtzv1yv.png
34,3,phota,0.5071840882301331,true,0.8322524428367615,https://cloud.inference.sh/app/files/u/4mg21r6ta37mpaz6ktzwtt8krr/01kmtjavd6r6570ve6r9r1dwb8.png
34,4,phota,0.7385651469230652,true,0.7925507426261902,https://cloud.inference.sh/app/files/u/4mg21r6ta37mpaz6ktzwtt8krr/01kmtjb6rd8qzrdm5tyhn2fnjt.png
34,5,phota,0.6825374960899353,true,0.8250963687896729,https://cloud.inference.sh/app/files/u/4mg21r6ta37mpaz6ktzwtt8krr/01kmtjcetdwtgwbjgsvhv7r29m.png
70,1,phota,0.5510791540145874,true,0.822753369808197,https://cloud.inference.sh/app/files/u/4mg21r6ta37mpaz6ktzwtt8krr/01kmtjd1dc1xh3mxax9mpnkxk5.png
70,2,phota,0.6550113558769226,true,0.8324626684188843,https://cloud.inference.sh/app/files/u/4mg21r6ta37mpaz6ktzwtt8krr/01kmtjd53sj03q5dbfj8nkhk5n.png
70,3,phota,0.6064116358757019,true,0.7431285381317139,https://cloud.inference.sh/app/files/u/4mg21r6ta37mpaz6ktzwtt8krr/01kmtjf29h6btsz85nsyq5bpbt.png
70,4,phota,0.6533521413803101,true,0.8831139802932739,https://cloud.inference.sh/app/files/u/4mg21r6ta37mpaz6ktzwtt8krr/01kmtjetw23aj2w3hd3xns0wza.png
70,5,phota,0.7344275712966919,true,0.8731140494346619,https://cloud.inference.sh/app/files/u/4mg21r6ta37mpaz6ktzwtt8krr/01kmtjfmhxv8wfk3jns6k24hda.png
83,1,phota,0.6759350299835205,true,0.8680475354194641,https://cloud.inference.sh/app/files/u/4mg21r6ta37mpaz6ktzwtt8krr/01kmtjgscm96v5804rrtcvbb08.png
83,2,phota,0.7138170003890991,true,0.891834020614624,https://cloud.inference.sh/app/files/u/4mg21r6ta37mpaz6ktzwtt8krr/01kmtjh3sfgt6k5vp2axhmbc9g.png
83,3,phota,0.7452220320701599,true,0.8360899686813354,https://cloud.inference.sh/app/files/u/4mg21r6ta37mpaz6ktzwtt8krr/01kmtjj2jwjcasm32v2a0gh7cz.png
83,4,phota,0.7330214977264404,true,0.8959506154060364,https://cloud.inference.sh/app/files/u/4mg21r6ta37mpaz6ktzwtt8krr/01kmtjjd8s4gvepc20qrmgxxw8.png
83,5,phota,0.7590702176094055,true,0.8809216618537903,https://cloud.inference.sh/app/files/u/4mg21r6ta37mpaz6ktzwtt8krr/01kmtjk4f37yayjf9xydcpbzfn.png
91,1,phota,0.13488677144050598,true,0.7577211856842041,https://cloud.inference.sh/app/files/u/4mg21r6ta37mpaz6ktzwtt8krr/01kmtjmmajdjfb7waz6175vx9k.png
91,2,phota,0.09162014722824097,true,0.7500125169754028,https://cloud.inference.sh/app/files/u/4mg21r6ta37mpaz6ktzwtt8krr/01kmtjm5fj1fn2ckscaamab267.png
91,3,phota,0.08533638715744019,true,0.7488884925842285,https://cloud.inference.sh/app/files/u/4mg21r6ta37mpaz6ktzwtt8krr/01kmtjnrmq90137zvzmjhb1m06.png
91,4,phota,0.18187889456748962,true,0.8751152753829956,https://cloud.inference.sh/app/files/u/4mg21r6ta37mpaz6ktzwtt8krr/01kmtjppa4mh81x5sjm6zrd117.png
91,5,phota,0.10987912118434906,true,0.7550458312034607,https://cloud.inference.sh/app/files/u/4mg21r6ta37mpaz6ktzwtt8krr/01kmtjptmrcdrhcrted9nw7kfy.png
1,1,nb2_ref,0.709467351436615,true,0.8071047067642212,https://cloud.inference.sh/app/files/u/4mg21r6ta37mpaz6ktzwtt8krr/01kmthnmfmkvcmy790agqgb3xj.png
1,2,nb2_ref,0.5292077660560608,true,0.8915180563926697,https://cloud.inference.sh/app/files/u/4mg21r6ta37mpaz6ktzwtt8krr/01kmthmqrfz47rg4kt9ea07tyq.png
1,3,nb2_ref,0.7356637120246887,true,0.8809295892715454,https://cloud.inference.sh/app/files/u/4mg21r6ta37mpaz6ktzwtt8krr/01kmthnmd1v1ng5ndpw35sx9dy.png
1,4,nb2_ref,0.6905648112297058,true,0.7931597232818604,https://cloud.inference.sh/app/files/u/4mg21r6ta37mpaz6ktzwtt8krr/01kmthpma0gkgmjmqp29djrnmb.png
1,5,nb2_ref,0.6551377773284912,true,0.7970532178878784,https://cloud.inference.sh/app/files/u/4mg21r6ta37mpaz6ktzwtt8krr/01kmthq4ap8k647s4s577dbpe1.png
3,1,nb2_ref,0.6797434091567993,true,0.8891289234161377,https://cloud.inference.sh/app/files/u/4mg21r6ta37mpaz6ktzwtt8krr/01kmthqxapb5y0akcv642pg8kd.png
3,2,nb2_ref,0.556578516960144,true,0.8994155526161194,https://cloud.inference.sh/app/files/u/4mg21r6ta37mpaz6ktzwtt8krr/01kmthrdcyax309yrmh6p8v029.png
3,3,nb2_ref,0.72556471824646,true,0.827383816242218,https://cloud.inference.sh/app/files/u/4mg21r6ta37mpaz6ktzwtt8krr/01kmths8c6y8any86nvggfvfzk.png
3,4,nb2_ref,0.6273975372314453,true,0.8541963696479797,https://cloud.inference.sh/app/files/u/4mg21r6ta37mpaz6ktzwtt8krr/01kmthsg9vyxj5j4ht326g32jc.png
3,5,nb2_ref,0.7242879271507263,true,0.8743642568588257,https://cloud.inference.sh/app/files/u/4mg21r6ta37mpaz6ktzwtt8krr/01kmthte0kv3csa9wwbqxn61kz.png
5,1,nb2_ref,0.6103137731552124,true,0.827587902545929,https://cloud.inference.sh/app/files/u/4mg21r6ta37mpaz6ktzwtt8krr/01kmthtx1df84pm4hpyp82kqe2.png
5,2,nb2_ref,0.5109717845916748,true,0.8843473792076111,https://cloud.inference.sh/app/files/u/4mg21r6ta37mpaz6ktzwtt8krr/01kmthvgv92w6x4epndbn6ezv2.png
5,3,nb2_ref,0.559279203414917,true,0.8237426280975342,https://cloud.inference.sh/app/files/u/4mg21r6ta37mpaz6ktzwtt8krr/01kmthwb436pbhm6q24k116tvq.png
5,4,nb2_ref,0.5611408948898315,true,0.861713707447052,https://cloud.inference.sh/app/files/u/4mg21r6ta37mpaz6ktzwtt8krr/01kmthwpbwg1dtwf8ehnb0nrgt.png
5,5,nb2_ref,0.8124310970306396,true,0.8460695743560791,https://cloud.inference.sh/app/files/u/4mg21r6ta37mpaz6ktzwtt8krr/01kmthxm7qgedm3pf0jfc41kk7.png
8,1,nb2_ref,0.6855909824371338,true,0.8251789212226868,https://cloud.inference.sh/app/files/u/4mg21r6ta37mpaz6ktzwtt8krr/01kmthym7989j508qbd6p5emxm.png
8,2,nb2_ref,0.5144915580749512,true,0.8311537504196167,https://cloud.inference.sh/app/files/u/4mg21r6ta37mpaz6ktzwtt8krr/01kmthz0tpfe0k8sjqh9k8mgez.png
8,3,nb2_ref,0.5021438598632812,true,0.7652202248573303,https://cloud.inference.sh/app/files/u/4mg21r6ta37mpaz6ktzwtt8krr/01kmtj0ertd07vjs0fxfsymjrt.png
8,4,nb2_ref,0.6743486523628235,true,0.7958723902702332,https://cloud.inference.sh/app/files/u/4mg21r6ta37mpaz6ktzwtt8krr/01kmtj051h387khv5hdkq0mr6r.png
8,5,nb2_ref,0.6063530445098877,true,0.8689164519309998,https://cloud.inference.sh/app/files/u/4mg21r6ta37mpaz6ktzwtt8krr/01kmtj166mrf42jhrps6pz81bs.png
14,1,nb2_ref,0.6077960729598999,true,0.8176238536834717,https://cloud.inference.sh/app/files/u/4mg21r6ta37mpaz6ktzwtt8krr/01kmtj27vr9tryhyfa2tfs828v.png
14,2,nb2_ref,0.4356468617916107,true,0.8616012930870056,https://cloud.inference.sh/app/files/u/4mg21r6ta37mpaz6ktzwtt8krr/01kmtj2kdtn5atkmrk60j0j07x.png
14,3,nb2_ref,0.6722723245620728,true,0.8348821401596069,https://cloud.inference.sh/app/files/u/4mg21r6ta37mpaz6ktzwtt8krr/01kmtj3gb8nkm662298xr330ft.png
14,4,nb2_ref,0.5767444372177124,true,0.8945932388305664,https://cloud.inference.sh/app/files/u/4mg21r6ta37mpaz6ktzwtt8krr/01kmtj40gcp5z290ah4rq8swbg.png
14,5,nb2_ref,0.6095899343490601,true,0.8145349025726318,https://cloud.inference.sh/app/files/u/4mg21r6ta37mpaz6ktzwtt8krr/01kmtj4w77rrqtshm00jje1vez.png
21,1,nb2_ref,0.5031605958938599,true,0.6421038508415222,https://cloud.inference.sh/app/files/u/4mg21r6ta37mpaz6ktzwtt8krr/01kmtj5e6pe8e6c573nzx90swv.png
21,2,nb2_ref,0.41992175579071045,true,0.7442082166671753,https://cloud.inference.sh/app/files/u/4mg21r6ta37mpaz6ktzwtt8krr/01kmtj5zsp74rpjybkv1n00y27.png
21,3,nb2_ref,0.5446406006813049,true,0.7953330278396606,https://cloud.inference.sh/app/files/u/4mg21r6ta37mpaz6ktzwtt8krr/01kmtj6z3bpq6fxnqy5x2bt90h.png
21,4,nb2_ref,0.5126437544822693,true,0.8902736306190491,https://cloud.inference.sh/app/files/u/4mg21r6ta37mpaz6ktzwtt8krr/01kmtj7qj8awvenspkqtdh0hdb.png
21,5,nb2_ref,0.5008168816566467,true,0.705828845500946,https://cloud.inference.sh/app/files/u/4mg21r6ta37mpaz6ktzwtt8krr/01kmtj8b285es6rkh7jz079ya6.png
34,1,nb2_ref,0.4884549677371979,true,0.7950212359428406,https://cloud.inference.sh/app/files/u/4mg21r6ta37mpaz6ktzwtt8krr/01kmtj8vsddgwnxxbdz8agf57x.png
34,2,nb2_ref,0.4433663487434387,true,0.7929343581199646,https://cloud.inference.sh/app/files/u/4mg21r6ta37mpaz6ktzwtt8krr/01kmtj9eavjqphw3xse4d7nvj9.png
34,3,nb2_ref,0.41199684143066406,true,0.8670816421508789,https://cloud.inference.sh/app/files/u/4mg21r6ta37mpaz6ktzwtt8krr/01kmtjav4fmp28b6yb07yk9nmq.png
34,4,nb2_ref,0.5470005869865417,true,0.8786974549293518,https://cloud.inference.sh/app/files/u/4mg21r6ta37mpaz6ktzwtt8krr/01kmtjas27n4eb35sj3mq02ycf.png
34,5,nb2_ref,0.41562098264694214,true,0.8931617140769958,https://cloud.inference.sh/app/files/u/4mg21r6ta37mpaz6ktzwtt8krr/01kmtjbsyy470js89we4c5tc92.png
70,1,nb2_ref,0.42616724967956543,true,0.7927721738815308,https://cloud.inference.sh/app/files/u/4mg21r6ta37mpaz6ktzwtt8krr/01kmtjcetym87c1k0ee2evxx6k.png
70,2,nb2_ref,0.4421961307525635,true,0.8267399072647095,https://cloud.inference.sh/app/files/u/4mg21r6ta37mpaz6ktzwtt8krr/01kmtjdg72q4qkq1d0hzmbyqg8.png
70,3,nb2_ref,0.48736077547073364,true,0.8358151912689209,https://cloud.inference.sh/app/files/u/4mg21r6ta37mpaz6ktzwtt8krr/01kmtje68sqhm1mrxv8fzh6xbz.png
70,4,nb2_ref,0.5000760555267334,true,0.8670069575309753,https://cloud.inference.sh/app/files/u/4mg21r6ta37mpaz6ktzwtt8krr/01kmtjesx7askfj4xjvrncwafw.png
70,5,nb2_ref,0.5071049332618713,true,0.8280220031738281,https://cloud.inference.sh/app/files/u/4mg21r6ta37mpaz6ktzwtt8krr/01kmtjg4x87nw3nyx1je35jq02.png
83,1,nb2_ref,0.5873160362243652,true,0.8748919367790222,https://cloud.inference.sh/app/files/u/4mg21r6ta37mpaz6ktzwtt8krr/01kmtjg73ctv3cbrjrvbzp0b4m.png
83,2,nb2_ref,0.44166475534439087,true,0.9111377000808716,https://cloud.inference.sh/app/files/u/4mg21r6ta37mpaz6ktzwtt8krr/01kmtjgxsvedm8trythkeh0j2x.png
83,3,nb2_ref,0.6635856032371521,true,0.7654750943183899,https://cloud.inference.sh/app/files/u/4mg21r6ta37mpaz6ktzwtt8krr/01kmtjhp99xcbfffcvt8hxbe54.png
83,4,nb2_ref,0.639707088470459,true,0.804590106010437,https://cloud.inference.sh/app/files/u/4mg21r6ta37mpaz6ktzwtt8krr/01kmtjj5xj3ebhg5m6a5byn765.png
83,5,nb2_ref,0.6485987305641174,true,0.8259715437889099,https://cloud.inference.sh/app/files/u/4mg21r6ta37mpaz6ktzwtt8krr/01kmtjjvgpk7ey5f96e180mq37.png
91,1,nb2_ref,0.09194128215312958,true,0.7528898119926453,https://cloud.inference.sh/app/files/u/4mg21r6ta37mpaz6ktzwtt8krr/01kmtjkpn3e8hhszw1axqtr6t6.png
91,2,nb2_ref,0.10163283348083496,true,0.749968945980072,https://cloud.inference.sh/app/files/u/4mg21r6ta37mpaz6ktzwtt8krr/01kmtjm4ep08ce298rrh33gfhn.png
91,3,nb2_ref,0.08542511612176895,true,0.7458468079566956,https://cloud.inference.sh/app/files/u/4mg21r6ta37mpaz6ktzwtt8krr/01kmtjn5j9vn9ahbs2d0zk9zgp.png
91,4,nb2_ref,0.2319047898054123,true,0.8228834271430969,https://cloud.inference.sh/app/files/u/4mg21r6ta37mpaz6ktzwtt8krr/01kmtjnrsg668a6egvdkcr8vr2.png
91,5,nb2_ref,0.05265681445598602,true,0.7356131672859192,https://cloud.inference.sh/app/files/u/4mg21r6ta37mpaz6ktzwtt8krr/01kmtjpq0f45dct1ff0ej0ghcy.png
1,1,nb2_noref,0.6200692653656006,true,0.7585169672966003,https://cloud.inference.sh/app/files/u/4mg21r6ta37mpaz6ktzwtt8krr/01kmthmev6caaef8a963428hkd.png
1,2,nb2_noref,0.5789217352867126,true,0.9138351082801819,https://cloud.inference.sh/app/files/u/4mg21r6ta37mpaz6ktzwtt8krr/01kmthnb4z7x5g2kphmcth0m09.png
1,3,nb2_noref,0.6858630180358887,true,0.8699214458465576,https://cloud.inference.sh/app/files/u/4mg21r6ta37mpaz6ktzwtt8krr/01kmthnzd9frmyczcze32rv548.png
1,4,nb2_noref,0.7360464334487915,true,0.8013194799423218,https://cloud.inference.sh/app/files/u/4mg21r6ta37mpaz6ktzwtt8krr/01kmthpe19fx302d24t3kv51gy.png
1,5,nb2_noref,0.626950740814209,true,0.8544600009918213,https://cloud.inference.sh/app/files/u/4mg21r6ta37mpaz6ktzwtt8krr/01kmthq7ee98rvjsh37xvw2yby.png
3,1,nb2_noref,0.4429766535758972,true,0.8745083212852478,https://cloud.inference.sh/app/files/u/4mg21r6ta37mpaz6ktzwtt8krr/01kmthr02ebrdq86a8hgy3nvzc.png
3,2,nb2_noref,0.5277827978134155,true,0.9013047218322754,https://cloud.inference.sh/app/files/u/4mg21r6ta37mpaz6ktzwtt8krr/01kmthrjtk5530ybr8yp777xwf.png
3,3,nb2_noref,0.6649491786956787,true,0.9044750332832336,https://cloud.inference.sh/app/files/u/4mg21r6ta37mpaz6ktzwtt8krr/01kmthsgkcg5ghe89akxtch2qn.png
3,4,nb2_noref,0.6043211221694946,true,0.9036937952041626,https://cloud.inference.sh/app/files/u/4mg21r6ta37mpaz6ktzwtt8krr/01kmtht0gsfysfamzegsah7e61.png
3,5,nb2_noref,0.8378925919532776,true,0.9076017141342163,https://cloud.inference.sh/app/files/u/4mg21r6ta37mpaz6ktzwtt8krr/01kmthtaqpmz950pcrvef4255e.png
5,1,nb2_noref,0.6973732709884644,true,0.8108046650886536,https://cloud.inference.sh/app/files/u/4mg21r6ta37mpaz6ktzwtt8krr/01kmthvmy8sjz4zyxdae7ywbtb.png
5,2,nb2_noref,0.4568934440612793,true,0.8844624161720276,https://cloud.inference.sh/app/files/u/4mg21r6ta37mpaz6ktzwtt8krr/01kmthvmkqxw60da8zmzw0jwjn.png
5,3,nb2_noref,0.47215330600738525,true,0.841788113117218,https://cloud.inference.sh/app/files/u/4mg21r6ta37mpaz6ktzwtt8krr/01kmthwmw1tdeqm8w876rr0qhd.png
5,4,nb2_noref,0.507178544998169,true,0.8733850121498108,https://cloud.inference.sh/app/files/u/4mg21r6ta37mpaz6ktzwtt8krr/01kmthx8w3fhmqga57agshkfe5.png
5,5,nb2_noref,0.7845140099525452,true,0.85519939661026,https://cloud.inference.sh/app/files/u/4mg21r6ta37mpaz6ktzwtt8krr/01kmthxx0g5qqryb36sfynej4t.png
8,1,nb2_noref,0.6913602948188782,true,0.8337521553039551,https://cloud.inference.sh/app/files/u/4mg21r6ta37mpaz6ktzwtt8krr/01kmthypt3d85q7jd4w13hpphj.png
8,2,nb2_noref,0.4832504391670227,true,0.8514679074287415,https://cloud.inference.sh/app/files/u/4mg21r6ta37mpaz6ktzwtt8krr/01kmthza9fnsbe7cagq8f3nh86.png
8,3,nb2_noref,0.617221474647522,true,0.8543169498443604,https://cloud.inference.sh/app/files/u/4mg21r6ta37mpaz6ktzwtt8krr/01kmtj02y319gybvdm71zseam4.png
8,4,nb2_noref,0.5304232835769653,true,0.8795939087867737,https://cloud.inference.sh/app/files/u/4mg21r6ta37mpaz6ktzwtt8krr/01kmtj1fa831c3spj6tby141e7.png
8,5,nb2_noref,0.6032729148864746,true,0.8773897290229797,https://cloud.inference.sh/app/files/u/4mg21r6ta37mpaz6ktzwtt8krr/01kmtj1bgj4v8qy1s5gzca5gwd.png
14,1,nb2_noref,0.7054382562637329,true,0.8183422088623047,https://cloud.inference.sh/app/files/u/4mg21r6ta37mpaz6ktzwtt8krr/01kmtj26syw9vdsh3g18239dw7.png
14,2,nb2_noref,0.3849426209926605,true,0.8108459711074829,https://cloud.inference.sh/app/files/u/4mg21r6ta37mpaz6ktzwtt8krr/01kmtj33nz1c3sfpezkj51qved.png
14,3,nb2_noref,0.44922834634780884,true,0.8006160855293274,https://cloud.inference.sh/app/files/u/4mg21r6ta37mpaz6ktzwtt8krr/01kmtj3rzdygmer5h9eq3sv38x.png
14,4,nb2_noref,0.4875566363334656,true,0.8084728717803955,https://cloud.inference.sh/app/files/u/4mg21r6ta37mpaz6ktzwtt8krr/01kmtj4bmf2wz6670cs6aem8v5.png
14,5,nb2_noref,0.653388500213623,true,0.858622670173645,https://cloud.inference.sh/app/files/u/4mg21r6ta37mpaz6ktzwtt8krr/01kmtj55d722jmrp3m7fezjnqf.png
21,1,nb2_noref,0.33386170864105225,true,0.6413017511367798,https://cloud.inference.sh/app/files/u/4mg21r6ta37mpaz6ktzwtt8krr/01kmtj6r0mkyaxcyvsh6pmnfj5.png
21,2,nb2_noref,0.3493841290473938,true,0.6773528456687927,https://cloud.inference.sh/app/files/u/4mg21r6ta37mpaz6ktzwtt8krr/01kmtj675b8gqc6ep2mp6segd3.png
21,3,nb2_noref,0.3445488512516022,true,0.8049092292785645,https://cloud.inference.sh/app/files/u/4mg21r6ta37mpaz6ktzwtt8krr/01kmtj7jdav616qgrmcsyrdndr.png
21,4,nb2_noref,0.4249144196510315,true,0.6327956318855286,https://cloud.inference.sh/app/files/u/4mg21r6ta37mpaz6ktzwtt8krr/01kmtj7s5qfrmjb4k5bs6q0dvq.png
21,5,nb2_noref,0.6005805134773254,true,0.7215269804000854,https://cloud.inference.sh/app/files/u/4mg21r6ta37mpaz6ktzwtt8krr/01kmtj8p2krd4wmss32g34ktx8.png
34,1,nb2_noref,0.4090515673160553,true,0.8103225231170654,https://cloud.inference.sh/app/files/u/4mg21r6ta37mpaz6ktzwtt8krr/01kmtj9a9tzkq4d9bm76t4gqe3.png
34,2,nb2_noref,0.3877134323120117,true,0.8070237040519714,https://cloud.inference.sh/app/files/u/4mg21r6ta37mpaz6ktzwtt8krr/01kmtj9nrzzp14nyvhb398vsvh.png
34,3,nb2_noref,0.6218666434288025,true,0.8169984817504883,https://cloud.inference.sh/app/files/u/4mg21r6ta37mpaz6ktzwtt8krr/01kmtjadwt74vde2r340kepfja.png
34,4,nb2_noref,0.5621042251586914,true,0.912142813205719,https://cloud.inference.sh/app/files/u/4mg21r6ta37mpaz6ktzwtt8krr/01kmtjbb0tt4gaa2j40y5z5gc0.png
34,5,nb2_noref,0.4217069745063782,true,0.7934715151786804,https://cloud.inference.sh/app/files/u/4mg21r6ta37mpaz6ktzwtt8krr/01kmtjbx0gj4fdkgz246c6mn0d.png
70,1,nb2_noref,0.4792745113372803,true,0.8276172876358032,https://cloud.inference.sh/app/files/u/4mg21r6ta37mpaz6ktzwtt8krr/01kmtjdaq553g44587a1v76zmb.png
70,2,nb2_noref,0.43321168422698975,true,0.8104878664016724,https://cloud.inference.sh/app/files/u/4mg21r6ta37mpaz6ktzwtt8krr/01kmtjd9qd1pz08mkjbvbbfhw1.png
70,3,nb2_noref,0.30320948362350464,true,0.8151986002922058,https://cloud.inference.sh/app/files/u/4mg21r6ta37mpaz6ktzwtt8krr/01kmtjea2n7z9arb3zqmraps4d.png
70,4,nb2_noref,0.22727149724960327,true,0.7579849362373352,https://cloud.inference.sh/app/files/u/4mg21r6ta37mpaz6ktzwtt8krr/01kmtjf3tet9hbbj2dw48b0kym.png
70,5,nb2_noref,0.5316095352172852,true,0.833838939666748,https://cloud.inference.sh/app/files/u/4mg21r6ta37mpaz6ktzwtt8krr/01kmtjfxsde4nptq45xcwwk664.png
83,1,nb2_noref,0.6320230960845947,true,0.8719905018806458,https://cloud.inference.sh/app/files/u/4mg21r6ta37mpaz6ktzwtt8krr/01kmtjgj24y65y4qwrx1hy6p92.png
83,2,nb2_noref,0.4431383013725281,true,0.9084228277206421,https://cloud.inference.sh/app/files/u/4mg21r6ta37mpaz6ktzwtt8krr/01kmtjh6dctmwec506rvq69xt9.png
83,3,nb2_noref,0.6576447486877441,true,0.8462619781494141,https://cloud.inference.sh/app/files/u/4mg21r6ta37mpaz6ktzwtt8krr/01kmtjhx02sqce9q4j7w5y7jwk.png
83,4,nb2_noref,0.6823496222496033,true,0.857167661190033,https://cloud.inference.sh/app/files/u/4mg21r6ta37mpaz6ktzwtt8krr/01kmtjjj8zh1sq2n9s09hss8zb.png
83,5,nb2_noref,0.7627207040786743,true,0.8785393238067627,https://cloud.inference.sh/app/files/u/4mg21r6ta37mpaz6ktzwtt8krr/01kmtjjx8q4md3753n7pac84aj.png
91,1,nb2_noref,0.10628578066825867,true,0.7506629824638367,https://cloud.inference.sh/app/files/u/4mg21r6ta37mpaz6ktzwtt8krr/01kmtjkxndaj347w619vxm8dk3.png
91,2,nb2_noref,0.08166057616472244,true,0.7458459734916687,https://cloud.inference.sh/app/files/u/4mg21r6ta37mpaz6ktzwtt8krr/01kmtjmkpza296asxbg734bvt0.png
91,3,nb2_noref,0.08993513882160187,true,0.7465305328369141,https://cloud.inference.sh/app/files/u/4mg21r6ta37mpaz6ktzwtt8krr/01kmtjnayas7d1858v004n1ty8.png
91,4,nb2_noref,0.015047421678900719,true,0.7031650543212891,https://cloud.inference.sh/app/files/u/4mg21r6ta37mpaz6ktzwtt8krr/01kmtjpkk14a4h2phscyv2ng5p.png
91,5,nb2_noref,0.07223809510469437,true,0.8148234486579895,https://cloud.inference.sh/app/files/u/4mg21r6ta37mpaz6ktzwtt8krr/01kmtjpm9gajv33cynm9xk7382.png
